id;user_id;name;google_review_link;messages;current_message_index;successful_scans;created_at;updated_at;message_used_counts
7be07e03-21bf-4222-a739-384727f5bf59;92660b86-6e42-425e-aeeb-71090449303e;Bharat;https://share.google/LboksKvZj97QZWixF;"[""I joined this academy with the goal of preparing for defence entrance exams along with my intermediate studies. From the first week itself, I noticed how disciplined and structured the environment was. The faculty members focus not just on academics but also on personality development and confidence building."",""The regular tests and physical training sessions really helped me improve my consistency and time management. I feel much more confident now about my preparation and future goals."",""When I enrolled here, I was looking for a place that could balance academics and defence preparation effectively. What impressed me the most was the dedication of the teachers. They patiently clarified every doubt and ensured that we understood concepts deeply rather than just memorizing them."",""The campus atmosphere is motivating and encourages healthy competition among students. Over time, I saw a significant improvement in my performance and discipline."",""My experience at this academy has been very positive. The daily routine is well-planned, and it keeps students focused on their goals. The faculty members are approachable and genuinely interested in student progress."",""The mock tests and training sessions gave me a real exam-like experience, which reduced my fear and improved my accuracy. I would say this environment really prepares students for competitive challenges."",""I was searching for a junior college that could guide me toward a defence career while also focusing on academics. After joining, I realized the training here is very structured and disciplined. The daily schedule keeps students focused and productive.\n\nThe teachers regularly monitor progress and provide individual feedback. Over time, I became more confident in both my studies and physical fitness."",""The academic standards here are impressive. Classes are conducted with clarity, and the faculty ensures that every student understands the fundamentals before moving ahead. Doubt sessions are very helpful.\nThe competitive environment motivates students to push their limits. I’ve noticed a clear improvement in my consistency and performance."",""One of the best things about this academy is the disciplined atmosphere. From morning sessions to evening study hours, everything is well organized. It helped me develop time management skills. The staff members are approachable and supportive. They genuinely care about student progress and future goals."",""I joined with hesitation at first, but the structured coaching and regular assessments quickly built my confidence. The physical training sessions are conducted professionally and safely.\nThe combination of academics and defence preparation makes it a balanced learning environment."",""The faculty members here are experienced and explain concepts in a very practical way. They focus on building a strong foundation rather than rushing through topics. The regular mock tests helped me understand my weak areas and work on them effectively."",""What stands out to me is the personal attention given to each student. Teachers track performance and guide us individually whenever required. The motivation sessions and mentoring support make a big difference in maintaining focus."",""The infrastructure and study environment are well maintained. Classrooms are comfortable and conducive to learning. The academy encourages discipline and responsibility, which are important qualities for defence aspirants."",""I appreciate how the faculty balances strict discipline with encouragement. They push students to improve while also offering constant support. The structured timetable helped me become more organized in my daily routine."",""The study materials provided are well-prepared and easy to understand. Regular practice sessions strengthen both academic and analytical skills. I feel more prepared and confident compared to when I first joined."",""The academy focuses not just on marks but on overall personality development. Communication skills and leadership qualities are also encouraged. This holistic approach makes students ready for competitive exams and interviews."",""The training sessions are intense but effective. They prepare students mentally and physically for future challenges. The guidance provided by mentors has been very valuable in shaping my goals."",""The discipline here has positively impacted my lifestyle. I’ve become more punctual and consistent in my studies. Teachers are always ready to clarify doubts, even outside regular class hours."",""The regular performance reviews keep students accountable. It helped me stay focused and track my improvement. The supportive environment makes it easier to stay motivated throughout the year."",""The balance between academics and defence preparation is well managed. Neither aspect feels neglected. I’ve gained both subject knowledge and confidence since joining.""]";0;27;2026-02-20 06:09:30.662142+00;2026-03-10 03:44:53.450953+00;[1,1,0,1,1,0,0,0,0,1,0,1,1,1,0,1,1,1,1,1]
fb08b14e-7dd5-413d-a10e-69eab040c0db;9fb1a209-21c8-4294-be06-fd5f4a296561;Koneti borewells;https://share.google/qdMbomu22ZqXk1rEu;"[""Highly professional borewell contractors with excellent service in Vizag"",""The team completed the drilling work on time without any delay"",""Very experienced staff who understand the local groundwater conditions perfectly"",""Used advanced drilling equipment for accurate and efficient work"",""Provided clear explanation about the entire borewell process before starting"",""Reasonable pricing with complete transparency in billing"",""Quick response to inquiries and site visits"",""The borewell drilling was done neatly without disturbing the surroundings"",""Quality materials were used for casing and installation"",""They helped in selecting the right motor for our borewell"",""Very polite and respectful team members"",""Excellent after service support whenever required"",""They identified the right drilling point with proper testing"",""Highly reliable contractors for residential borewell needs"",""Also suitable for agricultural borewell projects"",""Completed deep drilling successfully where others failed"",""Provided guidance on water yield and maintenance tips"",""Motor installation was done perfectly with proper wiring"",""Delivered exactly what was promised"",""Highly recommended for anyone looking for borewell services in Vizag"",""They maintained safety standards during the entire process"",""Transparent communication from start to finish"",""Prompt service even during peak season"",""Good coordination between drilling and motor installation teams"",""Fair and competitive pricing compared to others"",""Used high quality pipes and fittings"",""Very trustworthy and dependable service"",""They ensured proper cleaning after completing the work"",""Professional approach in handling technical issues"",""Provided accurate estimation before starting the work"",""Quick troubleshooting support for motor issues"",""Excellent water yield achieved after drilling"",""Honest advice about bore depth and feasibility"",""No hidden charges or last minute surprises"",""Very dedicated and hardworking team"",""Timely completion even in challenging soil conditions"",""Good customer support and follow up service"",""Handled permissions and local requirements smoothly"",""Strong expertise in deep bore drilling"",""Proper testing of water flow before finalizing"",""Provided useful suggestions for long term maintenance"",""Very responsive to phone calls and messages"",""Neat installation of submersible motor"",""Highly skilled operators handling drilling machines"",""Maintained good discipline and professionalism"",""Affordable packages for different borewell requirements"",""Genuine contractors with strong local reputation"",""Efficient service with modern technology"",""Satisfied with both borewell drilling and motor fitting"",""One of the best borewell contractors to rely on in Vizag""]";0;26;2026-02-21 05:52:36.404617+00;2026-03-22 05:47:35.5984+00;[1,1,1,0,1,0,1,1,0,1,0,1,1,0,1,1,0,1,0,1,1,1,1,1,1,0,1,1,0,0,0,1,1,1,0,1,0,1,0,1,1,1,0,1,1,1,0,0,0,1]
651d09f4-8ba6-4482-bb60-599b2817fb05;9fb1a209-21c8-4294-be06-fd5f4a296561;Umasankar doctor;https://share.google/UxfXslbY56LJnpyGt;"[""Highly skilled surgical oncologist with vast experience in cancer treatment"",""Explains the diagnosis and treatment plan very clearly to patients and families"",""Provides great confidence and emotional support during difficult times"",""Expert in robotic cancer surgeries with excellent precision"",""Laparoscopic procedures are done with minimal pain and quick recovery"",""Very patient and listens carefully to all concerns"",""Professional approach with compassionate care"",""Treatment results have been very satisfactory"",""Gives honest advice about surgery and further management"",""Known for accurate diagnosis and timely intervention"",""Hospital staff coordination under his guidance is excellent"",""Provides detailed guidance before and after surgery"",""Very approachable and humble personality"",""Uses advanced technology for cancer surgeries"",""Maintains high standards of hygiene and safety"",""Quick recovery observed after robotic procedures"",""Explains risks and benefits transparently"",""Highly recommended for complex cancer surgeries"",""Gives hope and confidence to patients battling cancer"",""Follow up care is very thorough and attentive"",""Ensures minimal hospital stay with advanced techniques"",""Excellent decision making during critical situations"",""Very supportive towards family members"",""Treatment plans are personalized according to patient condition"",""Clear communication throughout the treatment journey"",""Dedicated to providing the best possible outcome"",""Very calm and composed during consultations"",""Respected name in surgical oncology in Visakhapatnam"",""Handles complicated cases with great expertise"",""Provides continuous monitoring after surgery"",""Very responsive to patient queries"",""Focuses on both physical and emotional wellbeing"",""Surgery scars are minimal due to laparoscopic methods"",""Highly experienced in treating different types of cancers"",""Maintains transparency in procedures and costs"",""Patients feel safe and confident under his care"",""Gives clear instructions for post operative care"",""Very systematic and organized treatment process"",""Professional ethics and integrity are commendable"",""Strong expertise in robotic cancer surgery"",""Offers advanced and modern surgical solutions"",""Compassionate doctor with a caring attitude"",""Takes time to explain every stage of treatment"",""Very attentive to patient comfort and safety"",""Encourages positive mindset during recovery"",""Excellent surgical skills with great precision"",""Provides complete guidance about chemotherapy and further care"",""Very dedicated and committed to patient health"",""Builds trust through honest communication""]";0;14;2026-02-21 05:56:04.158267+00;2026-02-26 13:33:44.306432+00;[0,0,1,0,0,0,0,1,1,0,1,0,0,0,0,0,0,0,0,0,1,0,0,1,1,0,1,0,0,0,1,0,0,0,1,0,1,1,1,1,0,1,1,0,1,1,0,1,0]
55c2d756-2265-4ed2-aa65-a5c017f3d28a;92660b86-6e42-425e-aeeb-71090449303e;Srinivas Borewells;https://www.google.com/search?client=ms-android-oppo-terr1-rso2&sca_esv=59623aa993e8ccae&hl=en-GB&cs=1&sxsrf=ANbL-n7P5PdUzvuDVmqnLRTZydm28kN-qw:1771565872985&si=AL3DRZEsmMGCryMMFSHJ3StBhOdZ2-6yYkXd_doETEE1OR-qOZHLfWc7y0dREM7LyHcoq43m5SS0yUQ-126DDESyVZMog7SCV2Rgy3XuR82LsGR6QjVAqTwzXr80OfpdFmDsLErpF7pq-nY9Wwong1Qnq0G7B9lrP1R3PctyjK_yZsQ9QZOvVjJd7ReclhIKzkNLrtCFquwc&q=Sri+Srinivasa+Engineering+-+Borewells+in+Vizag+-+Cri+Pumps+Reviews&sa=X&ved=2ahUKEwijxLiUreeSAxUFSGwGHeckPVIQ0bkNegQIHxAF&biw=1280&bih=631&dpr=1.5#lrd=0x3a396922284ecadf:0xff5da3b5775ec182,3,,,,;"[""Outstanding borewell service in Vizag with professional and timely execution."",""Highly satisfied with the drilling quality and the genuine CRI Pumps installation."",""Excellent team with strong technical knowledge and transparent pricing."",""They completed the borewell work quickly and ensured proper water yield testing."",""Very reliable service for CRI Pumps supply and installation in Vizag."",""Professional approach, modern equipment, and great customer support."",""The team explained everything clearly before starting the borewell drilling."",""Best place in Vizag for borewell services and original CRI Pumps."",""Impressed with their commitment to quality and on-time completion."",""Smooth process from site inspection to final pump installation."",""Highly recommended for agricultural and residential borewell projects."",""Their after-service support is prompt and dependable."",""Experienced technicians who handle drilling and pump setup perfectly."",""Good water output achieved thanks to their expertise."",""Fair pricing with no hidden charges."",""Quick response and efficient borewell execution."",""They use quality materials and genuine CRI Pumps products."",""Trustworthy service provider for borewell drilling in Vizag."",""Satisfied with the performance of the installed CRI pump."",""Excellent overall experience and definitely a five-star service.""]";0;1;2026-02-20 05:46:06.515658+00;2026-02-22 17:13:28.435667+00;[0,0,0,0,0,1,0,0,0,0,0,0,0,0,0,0,1,0,0,0]
24dc340e-3301-43d5-94c6-086d7e77e527;9fb1a209-21c8-4294-be06-fd5f4a296561;Sri latha home care;https://share.google/BomdFqHgEBz0ngWrE;"[""Very professional service and the staff are highly supportive"",""The caregivers are well trained and treat patients with kindness"",""Affordable pricing compared to other home care services"",""Good response time whenever we contacted them for assistance"",""The management is cooperative and understands patient needs clearly"",""Reliable service and they maintain proper hygiene standards"",""Staff are punctual and maintain discipline in their work"",""They provide personalized care according to patient condition"",""Communication with the team is smooth and hassle free"",""Emergency support is handled quickly and efficiently"",""The nurses are experienced and handle situations calmly"",""Services are available at flexible timings which is very helpful"",""Overall experience was satisfactory and trustworthy"",""They ensure patient comfort and emotional support"",""Documentation and process are simple and easy to follow"",""Staff behave respectfully with family members as well"",""They maintain cleanliness and proper medical practices"",""Follow ups and regular checkups are done properly"",""Highly recommended for home nursing and elderly care"",""Provides peace of mind to families with dependable service""]";0;2;2026-03-31 11:12:47.737772+00;2026-03-31 11:13:38.61603+00;[0,1,0,0,0,0,0,0,0,0,0,1,0,0,0,0,0,0,0,0]
93f0dd3c-7987-4bda-b19c-ab319264c9ba;9fb1a209-21c8-4294-be06-fd5f4a296561;Alliance hotel management;https://share.google/t7WZDta5tD3J9yEvv;"[""Excellent college for students who want to build a strong career in hotel management"",""Well experienced faculty members who provide practical and industry oriented training"",""Modern kitchen labs and well equipped training facilities"",""Supportive management that always encourages students"",""Strong focus on personality development and communication skills"",""Regular industrial visits to reputed hotels for real time exposure"",""Good placement support with leading hospitality brands"",""Friendly campus environment that makes learning enjoyable"",""Detailed curriculum that covers all aspects of hospitality management"",""Hands on training that boosts student confidence"",""Affordable fee structure compared to other hotel management colleges"",""Workshops and seminars conducted by industry professionals"",""Great discipline and structured academic schedule"",""Internship opportunities in reputed star hotels"",""Encouragement for extracurricular and cultural activities"",""Individual attention given to every student"",""Clean and well maintained campus infrastructure"",""Strong foundation in food production and service skills"",""Helpful administrative staff who guide students properly"",""Highly recommended institute for pursuing hotel management studies""]";0;6;2026-02-23 02:26:39.733733+00;2026-02-23 14:06:41.468509+00;[0,0,0,0,1,1,1,0,1,1,0,0,1,0,0,0,0,0,0,0]
9e156e4c-5ba2-490f-9566-92c5b82878ac;9fb1a209-21c8-4294-be06-fd5f4a296561;Boys hostel and lodge;https://share.google/Sbd3wQKDbVnVzQ8mf;"[""Comfortable and safe place for students and working professionals to stay"",""Rooms are clean and well maintained with proper ventilation"",""Peaceful environment that is suitable for studying and rest"",""Friendly management that responds quickly to any concerns"",""Affordable rent with good facilities provided"",""Regular cleaning service keeps the hostel neat and hygienic"",""Good security arrangements that make residents feel safe"",""Convenient location with easy access to nearby colleges and markets"",""Healthy and tasty food served on time every day"",""Power backup facility available during power cuts"",""Drinking water and basic amenities are well maintained"",""Spacious rooms with adequate storage space"",""Calm atmosphere without unnecessary disturbances"",""Supportive staff who are always ready to help"",""Proper maintenance of bathrooms and common areas"",""Homely feeling for students staying away from family"",""Good rules and discipline maintained inside the hostel"",""WiFi facility available for study and work purposes"",""Safe surroundings with good neighborhood"",""Highly recommended boys hostel for a comfortable and budget friendly stay""]";0;9;2026-02-23 02:28:29.350309+00;2026-02-23 14:05:58.047867+00;[1,1,0,1,1,0,1,1,0,0,0,0,0,1,1,1,0,0,0,0]
54a0ecdf-4c10-48b4-b573-86337347155d;9fb1a209-21c8-4294-be06-fd5f4a296561;Metal cutting;https://share.google/SnF9I8ZQ4TryXWe6y;"[""Excellent laser cutting quality with perfect finishing and accurate measurements"",""Professional CNC bending works completed exactly as per our requirements"",""Timely delivery of projects without any delays"",""Highly skilled team with great technical knowledge"",""Very responsive customer service and clear communication"",""Reasonable pricing compared to other laser cutting services in Vizag"",""Advanced machinery that ensures precise and clean cuts"",""Strong attention to detail in every fabrication work"",""Reliable service for both small and bulk industrial orders"",""Customized metal cutting solutions tailored to our needs"",""Neat and well maintained workshop environment"",""Quick turnaround time even for urgent projects"",""Durable and high quality output for industrial applications"",""Transparent quotations with no hidden charges"",""Supportive staff who guide customers properly"",""Consistent quality in CNC bending and fabrication works"",""Perfect finishing with smooth edges and clean bends"",""Trusted service provider for laser cutting works in Vizag"",""Good coordination from inquiry to final delivery"",""Highly recommended for precision laser cutting and CNC bending services""]";0;9;2026-02-23 02:23:29.897947+00;2026-02-24 01:50:18.252338+00;[1,1,1,1,0,1,0,1,0,0,1,0,0,0,1,0,0,0,1,1]
f442c4d0-da39-4bcf-91df-83a420b8be0a;9fb1a209-21c8-4294-be06-fd5f4a296561;Doctor umashankar;https://share.google/UxfXslbY56LJnpyGt;"[""Highly skilled surgical oncologist with exceptional expertise in robotic and laparoscopic cancer surgeries"",""Dr Umasankar Tantravahi explains every procedure clearly and makes patients feel confident and comfortable"",""One of the best cancer surgeons in Visakhapatnam with a very caring and humble approach"",""Provides advanced treatment options with the latest robotic technology"",""Very patient friendly doctor who listens carefully and answers all doubts"",""The hospital staff and surgical team are well coordinated and supportive"",""Treatment plans are well structured and tailored according to individual patient needs"",""Post operative care and follow up support are excellent"",""Gives honest medical advice and focuses on the best possible outcome"",""Highly experienced in handling complex cancer surgeries with great precision"",""Patients feel safe and reassured under his guidance"",""Minimal pain and faster recovery due to advanced laparoscopic procedures"",""Professional approach combined with genuine compassion"",""Timely diagnosis and clear explanation of risks and benefits"",""Maintains high standards of hygiene and safety during treatment"",""Very approachable and responsive even during follow up consultations"",""Dedicated to providing world class cancer care in Visakhapatnam"",""Successful outcomes in many challenging cancer cases"",""Provides emotional support to both patients and their families"",""Strongly recommended surgical oncologist for robotic and laparoscopic cancer treatment""]";0;26;2026-02-24 02:16:46.957412+00;2026-02-25 15:03:31.424213+00;[1,0,0,0,0,0,0,0,1,0,1,0,1,1,1,0,1,0,1,0]
0425d26c-b696-472e-8087-226a4f4300cc;9fb1a209-21c8-4294-be06-fd5f4a296561;My tri wellness;https://share.google/bPVf4GmtBzkNjg37Q;"[""Sri Ram Murthy’s counseling gave me clarity and confidence during a tough emotional phase"",""Mytri Wellness is a wonderful space for emotional healing and mental balance"",""The meditation sessions blend mindfulness with psychology, helping me manage thoughts and feelings better"",""Sri Ram Murthy’s guidance helped me break long-standing emotional patterns with ease"",""Therapy here is professional, warm, and deeply effective"",""Meditation practices here support psychological calmness and reduce emotional overwhelm"",""I experienced meaningful emotional growth through Sri Ram Murthy’s counseling"",""Mytri Wellness offers therapy that genuinely transforms mental well-being"",""Meditation helps me regulate my emotions by strengthening my psychological grounding"",""Sri Ram Murthy makes the counseling process easy, comfortable, and truly healing"",""The therapies here focus on deep emotional stability"",""Meditation classes enhance psychological mindfulness and clear mental clutter"",""Counseling sessions helped me understand myself better and move forward confidently"",""Mytri Wellness provides structured therapy that brings long-term results"",""Meditation here has strengthened my emotional awareness and mental steadiness"",""Sri Ram Murthy’s psychological insights helped me rebuild emotional strength"",""The therapy experience here is calming, supportive, and highly professional"",""Meditation reduces stress by aligning the mind with psychological calm"",""Counseling with Sri Ram Murthy helped me develop healthier emotional habits"",""Mytri Wellness offers a peaceful space for emotional restoration"",""Meditation sessions create psychological balance and inner clarity"",""Sri Ram Murthy’s sessions helped me find emotional direction when I needed it most"",""The therapies here encourage positive emotional growth"",""Meditation techniques here blend psychology with breathwork for deeper focus"",""Counseling helped me address suppressed emotions with courage"",""Mytri Wellness supports mental resilience through structured therapy"",""Meditation enhances psychological stillness and reduces anxiety"",""Sri Ram Murthy’s sessions are gentle yet incredibly impactful"",""Therapy here helped me feel emotionally lighter and mentally stronger"",""Meditation classes encourage mindful awareness and emotional stability"",""Sri Ram Murthy helped me find clarity in moments of emotional confusion"",""Mytri Wellness delivers therapy with empathy and expertise"",""Meditation brings psychological grounding and inner calm"",""Counseling here helped me shift from stress to emotional strength"",""The therapies are personalized and highly effective"",""Meditation improves emotional control through psychological awareness"",""Sri Ram Murthy’s guidance has helped me transform my emotional patterns"",""The therapeutic environment here promotes deep mental healing"",""Meditation sessions support psychological relaxation and clarity"",""Counseling helped me understand my thoughts more clearly"",""Mytri Wellness provides therapeutic support that truly works"",""Meditation blends mindfulness and psychology for emotional balance"",""Sri Ram Murthy’s sessions helped me reflect deeply and heal"",""Therapy here helped me rebuild confidence in myself"",""Meditation fosters psychological steadiness and emotional resilience"",""Counseling helped me navigate emotional storms calmly"",""Mytri Wellness encourages consistent emotional improvement"",""Meditation sessions helped me stay grounded during stressful days"",""Sri Ram Murthy’s sessions gave me emotional strength and clarity"",""The therapy here is structured, reliable, and meaningful"",""Meditation increases psychological awareness and inner peace"",""Counseling with Sri Ram Murthy helped me regain emotional balance"",""Mytri Wellness offers excellent therapeutic care"",""Meditation practices help reduce emotional reactivity using psychological tools"",""Sri Ram Murthy’s approach is professional, compassionate, and effective"",""Therapy here helped me understand my emotions better"",""Meditation encouraged a deeper psychological understanding of my thoughts"",""Counseling sessions brought major breakthroughs for my mental well-being"",""Mytri Wellness delivers true emotional transformation"",""Meditation improves psychological clarity and reduces mental noise"",""Sri Ram Murthy helped me strengthen my emotional resilience"",""The therapies here support long-term emotional development"",""Meditation creates psychological balance in moments of stress"",""Counseling here helped me feel seen, heard, and understood"",""Mytri Wellness offers healing with a calm and caring approach"",""Meditation combines psychological grounding with mindful presence"",""Sri Ram Murthy’s counseling helped me reframe negative thoughts"",""Therapy here supports emotional growth with steady progress"",""Meditation brought me clarity and emotional steadiness"",""Counseling helped me feel mentally stronger and more centered"",""Mytri Wellness provides exceptional emotional support"",""Meditation enhances psychological stillness and reduces internal tension"",""Counseling with Sri Ram Murthy guided me through emotional challenges"",""Therapy here brings genuine improvement in emotional well-being"",""Meditation sessions encourage calm thinking and psychological balance"",""Sri Ram Murthy helped me identify emotional patterns and shift them"",""Mytri Wellness promotes emotional resilience and mindfulness"",""Meditation helped me stay grounded even on the toughest days"",""Counseling sessions here are empowering, structured, and healing"",""Therapy provides professional guidance that transformed my mindset"",""Meditation supports emotional clarity through psychology-backed methods"",""Sri Ram Murthy’s sessions are insightful, warm, and effective"",""Mytri Wellness is a trusted space for emotional growth"",""Meditation reduces stress by calming psychological tension"",""Counseling helped me cultivate healthier emotional boundaries"",""Therapy here encouraged emotional awakening and inner stability"",""Meditation improved my psychological awareness and emotional control"",""Sri Ram Murthy provided clarity I couldn’t find on my own"",""Mytri Wellness offers therapy that truly strengthens the mind"",""Meditation helped me create a calmer emotional environment"",""Counseling helped me break unhealthy cycles and grow emotionally"",""Therapy here supports both mental strength and emotional calm"",""Meditation promotes psychological grounding and mindful reflection"",""Sri Ram Murthy’s sessions helped me move forward with clarity"",""The therapeutic care here is impactful and deeply nurturing"",""Meditation eased my stress by enhancing psychological clarity"",""Counseling sessions helped me recognize and heal emotional patterns"",""Mytri Wellness is a wonderful place for personal transformation"",""Meditation supports emotional healing through psychological balance"",""Sri Ram Murthy’s guidance helped me find inner peace and emotional strength""]";0;11;2026-02-26 02:46:43.036178+00;2026-02-26 08:21:54.390196+00;[1,0,0,0,0,0,0,0,0,0,0,0,1,1,1,0,0,0,0,0,0,0,0,0,0,0,0,0,0,0,0,0,0,0,0,0,0,0,0,0,0,0,0,1,0,1,0,0,0,0,0,0,0,0,0,0,0,1,0,0,0,0,1,1,0,0,0,0,0,0,0,0,0,0,0,0,1,0,0,0,0,0,0,1,0,0,0,0,0,0,0,0,0,0,0,0,0,0,0,0]
8784188a-b2f2-4c05-9a29-ff1372bbe429;92660b86-6e42-425e-aeeb-71090449303e;Mythril borewells;https://share.google/77DiiZCMtFbYmiM2g;"[""Sri Ram Murthy’s counseling gave me clarity and confidence during a tough emotional phase."",""Mytri Wellness is a wonderful space for emotional healing and mental balance."",""The meditation sessions blend mindfulness with psychology, helping me manage thoughts and feelings better."",""Sri Ram Murthy’s guidance helped me break long-standing emotional patterns with ease."",""Therapy here is professional, warm, and deeply effective."",""Meditation practices here support psychological calmness and reduce emotional overwhelm."",""I experienced meaningful emotional growth through Sri Ram Murthy’s counseling."",""Mytri Wellness offers therapy that genuinely transforms mental well-being."",""Meditation helps me regulate my emotions by strengthening my psychological grounding."",""Sri Ram Murthy makes the counseling process easy, comfortable, and truly healing."",""The therapies here focus on deep emotional stability."",""Meditation classes enhance psychological mindfulness and clear mental clutter."",""Counseling sessions helped me understand myself better and move forward confidently."",""Mytri Wellness provides structured therapy that brings long-term results."",""Meditation here has strengthened my emotional awareness and mental steadiness."",""Sri Ram Murthy’s psychological insights helped me rebuild emotional strength."",""The therapy experience here is calming, supportive, and highly professional."",""Meditation reduces stress by aligning the mind with psychological calm."",""Counseling with Sri Ram Murthy helped me develop healthier emotional habits."",""Mytri Wellness offers a peaceful space for emotional restoration."",""Meditation sessions create psychological balance and inner clarity."",""Sri Ram Murthy’s sessions helped me find emotional direction when I needed it most."",""The therapies here encourage positive emotional growth."",""Meditation techniques here blend psychology with breathwork for deeper focus."",""Counseling helped me address suppressed emotions with courage."",""Mytri Wellness supports mental resilience through structured therapy."",""Meditation enhances psychological stillness and reduces anxiety."",""Sri Ram Murthy’s sessions are gentle yet incredibly impactful."",""Therapy here helped me feel emotionally lighter and mentally stronger."",""Meditation classes encourage mindful awareness and emotional stability."",""Sri Ram Murthy helped me find clarity in moments of emotional confusion."",""Mytri Wellness delivers therapy with empathy and expertise."",""Meditation brings psychological grounding and inner calm."",""Counseling here helped me shift from stress to emotional strength."",""The therapies are personalized and highly effective."",""Meditation improves emotional control through psychological awareness."",""Sri Ram Murthy’s guidance has helped me transform my emotional patterns."",""The therapeutic environment here promotes deep mental healing."",""Meditation sessions support psychological relaxation and clarity."",""Counseling helped me understand my thoughts more clearly."",""Mytri Wellness provides therapeutic support that truly works."",""Meditation blends mindfulness and psychology for emotional balance."",""Sri Ram Murthy’s sessions helped me reflect deeply and heal."",""Therapy here helped me rebuild confidence in myself."",""Meditation fosters psychological steadiness and emotional resilience."",""Counseling helped me navigate emotional storms calmly."",""Mytri Wellness encourages consistent emotional improvement."",""Meditation sessions helped me stay grounded during stressful days."",""Sri Ram Murthy’s sessions gave me emotional strength and clarity."",""The therapy here is structured, reliable, and meaningful."",""Meditation increases psychological awareness and inner peace."",""Counseling with Sri Ram Murthy helped me regain emotional balance."",""Mytri Wellness offers excellent therapeutic care."",""Meditation practices help reduce emotional reactivity using psychological tools."",""Sri Ram Murthy’s approach is professional, compassionate, and effective."",""Therapy here helped me understand my emotions better."",""Meditation encouraged a deeper psychological understanding of my thoughts."",""Counseling sessions brought major breakthroughs for my mental well-being."",""Mytri Wellness delivers true emotional transformation."",""Meditation improves psychological clarity and reduces mental noise."",""Sri Ram Murthy helped me strengthen my emotional resilience."",""The therapies here support long-term emotional development."",""Meditation creates psychological balance in moments of stress."",""Counseling here helped me feel seen, heard, and understood."",""Mytri Wellness offers healing with a calm and caring approach."",""Meditation combines psychological grounding with mindful presence."",""Sri Ram Murthy’s counseling helped me reframe negative thoughts."",""Therapy here supports emotional growth with steady progress."",""Meditation brought me clarity and emotional steadiness."",""Counseling helped me feel mentally stronger and more centered."",""Mytri Wellness provides exceptional emotional support."",""Meditation enhances psychological stillness and reduces internal tension."",""Counseling with Sri Ram Murthy guided me through emotional challenges."",""Therapy here brings genuine improvement in emotional well-being."",""Meditation sessions encourage calm thinking and psychological balance."",""Sri Ram Murthy helped me identify emotional patterns and shift them."",""Mytri Wellness promotes emotional resilience and mindfulness."",""Meditation helped me stay grounded even on the toughest days."",""Counseling sessions here are empowering, structured, and healing."",""Therapy provides professional guidance that transformed my mindset."",""Meditation supports emotional clarity through psychology-backed methods."",""Sri Ram Murthy’s sessions are insightful, warm, and effective."",""Mytri Wellness is a trusted space for emotional growth."",""Meditation reduces stress by calming psychological tension."",""Counseling helped me cultivate healthier emotional boundaries."",""Therapy here encouraged emotional awakening and inner stability."",""Meditation improved my psychological awareness and emotional control."",""Sri Ram Murthy provided clarity I couldn’t find on my own."",""Mytri Wellness offers therapy that truly strengthens the mind."",""Meditation helped me create a calmer emotional environment."",""Counseling helped me break unhealthy cycles and grow emotionally."",""Therapy here supports both mental strength and emotional calm."",""Meditation promotes psychological grounding and mindful reflection."",""Sri Ram Murthy’s sessions helped me move forward with clarity."",""The therapeutic care here is impactful and deeply nurturing."",""Meditation eased my stress by enhancing psychological clarity."",""Counseling sessions helped me recognize and heal emotional patterns."",""Mytri Wellness is a wonderful place for personal transformation."",""Meditation supports emotional healing through psychological balance."",""Sri Ram Murthy’s guidance helped me find inner peace and emotional strength""]";0;30;2026-04-13 02:23:31.061714+00;2026-04-22 18:19:16.514214+00;[1,0,0,0,0,1,1,0,0,0,1,0,0,0,0,1,0,0,0,0,0,0,0,0,0,0,1,0,0,1,0,0,1,0,0,1,0,0,1,0,1,0,1,0,0,1,0,0,1,0,0,0,1,1,0,0,0,0,0,0,1,1,1,1,0,1,0,0,0,0,1,0,1,0,0,0,0,0,0,1,1,0,1,1,0,0,0,1,0,0,0,0,1,1,0,1,0,0,0,1]
59d6aaa2-de39-4a56-81e1-6964d1410461;9fb1a209-21c8-4294-be06-fd5f4a296561;Sree Surya borewells;https://share.google/3vNfmf7ThaIvQlVjF;"[""Reliable and professional borewell service with quick response time"",""Completed the drilling work on time with proper equipment and skilled workers"",""Good water divining support and accurate identification of drilling point"",""Reasonable pricing compared to other borewell services in the area"",""The team explained the entire process clearly before starting the work"",""Used modern drilling machines which reduced time and effort"",""Very cooperative staff and polite behavior throughout the project"",""Provided good after-service support and maintenance guidance"",""Work was done neatly without causing much disturbance to surroundings"",""Experienced operators who handled hard rock drilling efficiently"",""Satisfied with the water yield after drilling"",""Transparent billing without any hidden charges"",""Prompt arrival at the site as promised"",""Helped with casing pipe installation and pump fitting support"",""Strong technical knowledge and practical expertise in borewell drilling"",""Completed deep drilling work safely and professionally"",""Good coordination between workers and supervisors"",""Followed safety measures during the entire drilling process"",""Highly recommended for agricultural and residential borewell needs"",""Overall a trustworthy borewell service with quality workmanship""]";0;16;2026-03-02 06:44:35.378579+00;2026-03-15 09:53:03.114676+00;[1,1,1,1,0,1,1,1,1,1,1,1,1,1,0,1,1,1,1,0]
512310c3-8fa0-4626-977b-f9534972ff6e;9fb1a209-21c8-4294-be06-fd5f4a296561;Dr.K.Rambabu Doctor;https://share.google/7eAU3WfxzxTQd5l2c;"[""Dr. K. Rambabu is an excellent general physician who listens patiently to every concern and explains the treatment in a very simple way"",""I had a great experience at Harini Hospital in Gajuwaka and the care given by Dr. K. Rambabu was truly reassuring"",""He is very knowledgeable in managing diabetes and helped me control my sugar levels effectively"",""The way he interacts with patients makes you feel comfortable and confident about the treatment"",""Dr. K. Rambabu carefully examines the patient and does not rush during consultation"",""Harini Hospital is clean and well maintained which adds to the positive experience"",""My family has been consulting him for years and we are always satisfied with his guidance"",""He provides clear instructions about medicines diet and lifestyle changes"",""The staff at Harini Hospital are polite and supportive throughout the visit"",""Dr. K. Rambabu’s approach towards diabetic care is practical and result oriented"",""He is very approachable and responds calmly to all questions"",""The consultation process is smooth and the waiting time is reasonable"",""His diagnosis is accurate and treatment plans are effective"",""I highly recommend Dr. K. Rambabu for anyone looking for a reliable general physician in Gajuwaka"",""He follows up regularly and ensures patients are improving"",""Harini Hospital provides a comfortable environment for patients of all ages"",""Dr. K. Rambabu gives personal attention and treats patients with genuine care"",""His advice on lifestyle modification has greatly improved my overall health"",""The hospital is easily accessible in Gajuwaka and the services are well organized"",""Overall it was a very satisfying experience consulting Dr. K. Rambabu at Harini Hospital""]";0;2;2026-02-26 02:47:59.6456+00;2026-02-26 07:25:21.702732+00;[0,0,0,0,0,0,0,0,0,0,0,0,0,0,0,0,0,0,1,1]
8ea32e88-61b4-4590-8fcf-b8be4b107798;9fb1a209-21c8-4294-be06-fd5f4a296561;Hotel kgb legend;https://share.google/nSRvnhjOn73pGawMz;"[""Great ambiance and very clean premium rooms which made the stay comfortable and relaxing"",""Staff were very polite and helpful and they responded quickly to every request"",""Rooms are spacious well maintained and perfect for a pleasant stay"",""The interiors look elegant and give a premium feel throughout the hotel"",""Room service was fast and the food quality was very good"",""Very peaceful environment which is perfect for both families and business travelers"",""Beds were very comfortable and the room was extremely neat"",""The hotel location is convenient and easy to reach"",""Hospitality from the staff was excellent and very professional"",""Washrooms were very clean and equipped with all basic amenities"",""The overall atmosphere of the hotel feels luxurious and welcoming"",""Check in and check out process was smooth and quick"",""The hotel maintains good hygiene standards in every area"",""Food served was fresh tasty and well presented"",""Rooms were beautifully designed with modern facilities"",""Customer service was impressive and the staff were very friendly"",""Perfect place for a comfortable and relaxing stay"",""Lighting and room setup created a very cozy atmosphere"",""Management takes good care of guest satisfaction"",""Overall a wonderful experience staying at Hotel KGB Legend Grand Premium Rooms""]";0;13;2026-03-07 03:58:13.524986+00;2026-03-12 15:49:53.832378+00;[1,0,1,1,1,1,1,1,1,0,1,0,1,0,1,1,1,1,0,1]
87b65e15-74ca-40b4-8e4e-137cc46a3bf8;92660b86-6e42-425e-aeeb-71090449303e;Sri Sai Gowri borewells;https://share.google/QtAHx0vmvpNGRKEmM;"[""Excellent service and very professional team. The drilling work was completed on time with great precision. Highly recommended!"",""Very reliable borewell service in Vizag. The team was experienced and handled everything smoothly from start to finish."",""Great experience working with them. They provided clear guidance and completed the work efficiently."",""Professional and trustworthy service. They ensured quality work and proper water detection."",""The team is highly skilled and dedicated. I’m very satisfied with the borewell drilling results."",""Quick response and excellent execution. They delivered exactly what they promised."",""Highly experienced professionals. Their work quality and commitment are truly impressive."",""Very smooth process from consultation to completion. I would definitely recommend their services."",""They used good equipment and completed the work without any delays. Excellent service overall."",""Honest and transparent service. They explained everything clearly before starting the work."",""Very satisfied with their professionalism and timely completion of the project."",""They have a knowledgeable team and provide reliable borewell solutions. Great experience!"",""Affordable pricing with high-quality service. Definitely one of the best in Vizag."",""They completed the drilling work efficiently and ensured proper results. Highly recommended."",""Very supportive team. They answered all my questions patiently and guided me well."",""The service was quick, clean, and professional. I’m happy with the outcome."",""They focus on customer satisfaction and deliver excellent results every time."",""Experienced team with modern equipment. The entire process was handled very well."",""Reliable and efficient service provider. I would recommend them for any borewell work."",""Excellent work quality and great customer support. Truly a dependable borewell service in Vizag""]";0;27;2026-04-13 02:26:32.890913+00;2026-04-14 14:30:54.08228+00;[0,1,0,1,1,1,0,0,0,1,0,0,0,1,1,0,1,0,1,0]
a25f7d4b-3b77-4f10-87a2-7c947ca38b5f;9fb1a209-21c8-4294-be06-fd5f4a296561;T S R Borewells In Vizag;https://share.google/rFSMPz4w3rz7XODRi;"[""T S R Borewells provided excellent service with quick response time"",""Highly professional team with good experience in borewell drilling"",""The work was completed on time without any delays"",""They used advanced equipment which ensured efficient drilling"",""Very reliable service for both residential and commercial needs"",""The staff was polite and explained the process clearly"",""Pricing was reasonable compared to other borewell services"",""Satisfied with the water yield after drilling"",""They handled the entire process smoothly from start to finish"",""Good coordination and communication throughout the project"",""The team followed safety measures properly during work"",""Impressed with their technical knowledge and expertise"",""They helped in selecting the right location for drilling"",""Quality of work was excellent and long-lasting"",""No hidden charges, everything was transparent"",""They completed deep drilling work without any issues"",""Very trustworthy service provider in Vizag"",""Customer support was responsive and helpful"",""Would definitely recommend for anyone needing borewell services"",""Overall a great experience with T S R Borewells""]";0;16;2026-03-26 03:50:11.009545+00;2026-03-31 04:33:38.595826+00;[1,1,1,1,0,1,1,1,1,1,1,1,1,0,1,0,1,1,1,1]
ae7ff77f-5fef-4c67-84b5-b7bcb7d4f86a;9fb1a209-21c8-4294-be06-fd5f4a296561;Mytri wellness;https://share.google/bqvtyfbwEBiLOHymA;"[""Sri Ram Murthy’s counseling gave me clarity and confidence during a tough emotional phase"",""Mytri Wellness is a wonderful space for emotional healing and mental balance"",""The meditation sessions blend mindfulness with psychology, helping me manage thoughts and feelings better"",""Sri Ram Murthy’s guidance helped me break long-standing emotional patterns with ease"",""Therapy here is professional, warm, and deeply effective"",""Meditation practices here support psychological calmness and reduce emotional overwhelm"",""I experienced meaningful emotional growth through Sri Ram Murthy’s counseling"",""Mytri Wellness offers therapy that genuinely transforms mental well-being"",""Meditation helps me regulate my emotions by strengthening my psychological grounding"",""Sri Ram Murthy makes the counseling process easy, comfortable, and truly healing"",""The therapies here focus on deep emotional stability"",""Meditation classes enhance psychological mindfulness and clear mental clutter"",""Counseling sessions helped me understand myself better and move forward confidently"",""Mytri Wellness provides structured therapy that brings long-term results"",""Meditation here has strengthened my emotional awareness and mental steadiness"",""Sri Ram Murthy’s psychological insights helped me rebuild emotional strength"",""The therapy experience here is calming, supportive, and highly professional"",""Meditation reduces stress by aligning the mind with psychological calm"",""Counseling with Sri Ram Murthy helped me develop healthier emotional habits"",""Mytri Wellness offers a peaceful space for emotional restoration"",""Meditation sessions create psychological balance and inner clarity"",""Sri Ram Murthy’s sessions helped me find emotional direction when I needed it most"",""The therapies here encourage positive emotional growth"",""Meditation techniques here blend psychology with breathwork for deeper focus"",""Counseling helped me address suppressed emotions with courage"",""Mytri Wellness supports mental resilience through structured therapy"",""Meditation enhances psychological stillness and reduces anxiety"",""Sri Ram Murthy’s sessions are gentle yet incredibly impactful"",""Therapy here helped me feel emotionally lighter and mentally stronger"",""Meditation classes encourage mindful awareness and emotional stability"",""Sri Ram Murthy helped me find clarity in moments of emotional confusion"",""Mytri Wellness delivers therapy with empathy and expertise"",""Meditation brings psychological grounding and inner calm"",""Counseling here helped me shift from stress to emotional strength"",""The therapies are personalized and highly effective"",""Meditation improves emotional control through psychological awareness"",""Sri Ram Murthy’s guidance has helped me transform my emotional patterns"",""The therapeutic environment here promotes deep mental healing"",""Meditation sessions support psychological relaxation and clarity"",""Counseling helped me understand my thoughts more clearly"",""Mytri Wellness provides therapeutic support that truly works"",""Meditation blends mindfulness and psychology for emotional balance"",""Sri Ram Murthy’s sessions helped me reflect deeply and heal"",""Therapy here helped me rebuild confidence in myself"",""Meditation fosters psychological steadiness and emotional resilience"",""Counseling helped me navigate emotional storms calmly"",""Mytri Wellness encourages consistent emotional improvement"",""Meditation sessions helped me stay grounded during stressful days"",""Sri Ram Murthy’s sessions gave me emotional strength and clarity"",""The therapy here is structured, reliable, and meaningful"",""Meditation increases psychological awareness and inner peace"",""Counseling with Sri Ram Murthy helped me regain emotional balance"",""Mytri Wellness offers excellent therapeutic care"",""Meditation practices help reduce emotional reactivity using psychological tools"",""Sri Ram Murthy’s approach is professional, compassionate, and effective"",""Therapy here helped me understand my emotions better"",""Meditation encouraged a deeper psychological understanding of my thoughts"",""Counseling sessions brought major breakthroughs for my mental well-being"",""Mytri Wellness delivers true emotional transformation"",""Meditation improves psychological clarity and reduces mental noise"",""Sri Ram Murthy helped me strengthen my emotional resilience"",""The therapies here support long-term emotional development"",""Meditation creates psychological balance in moments of stress"",""Counseling here helped me feel seen, heard, and understood"",""Mytri Wellness offers healing with a calm and caring approach"",""Meditation combines psychological grounding with mindful presence"",""Sri Ram Murthy’s counseling helped me reframe negative thoughts"",""Therapy here supports emotional growth with steady progress"",""Meditation brought me clarity and emotional steadiness"",""Counseling helped me feel mentally stronger and more centered"",""Mytri Wellness provides exceptional emotional support"",""Meditation enhances psychological stillness and reduces internal tension"",""Counseling with Sri Ram Murthy guided me through emotional challenges"",""Therapy here brings genuine improvement in emotional well-being"",""Meditation sessions encourage calm thinking and psychological balance"",""Sri Ram Murthy helped me identify emotional patterns and shift them"",""Mytri Wellness promotes emotional resilience and mindfulness"",""Meditation helped me stay grounded even on the toughest days"",""Counseling sessions here are empowering, structured, and healing"",""Therapy provides professional guidance that transformed my mindset"",""Meditation supports emotional clarity through psychology-backed methods"",""Sri Ram Murthy’s sessions are insightful, warm, and effective"",""Mytri Wellness is a trusted space for emotional growth"",""Meditation reduces stress by calming psychological tension"",""Counseling helped me cultivate healthier emotional boundaries"",""Therapy here encouraged emotional awakening and inner stability"",""Meditation improved my psychological awareness and emotional control"",""Sri Ram Murthy provided clarity I couldn’t find on my own"",""Mytri Wellness offers therapy that truly strengthens the mind"",""Meditation helped me create a calmer emotional environment"",""Counseling helped me break unhealthy cycles and grow emotionally"",""Therapy here supports both mental strength and emotional calm"",""Meditation promotes psychological grounding and mindful reflection"",""Sri Ram Murthy’s sessions helped me move forward with clarity"",""The therapeutic care here is impactful and deeply nurturing"",""Meditation eased my stress by enhancing psychological clarity"",""Counseling sessions helped me recognize and heal emotional patterns"",""Mytri Wellness is a wonderful place for personal transformation"",""Meditation supports emotional healing through psychological balance"",""Sri Ram Murthy’s guidance helped me find inner peace and emotional strength""]";0;20;2026-04-14 02:30:53.525396+00;2026-04-21 05:48:32.259981+00;[0,0,0,0,0,0,1,0,0,0,0,1,0,1,1,0,0,0,0,0,0,1,0,0,1,0,0,0,1,0,0,0,0,0,0,0,0,0,0,1,0,0,1,0,1,0,1,1,0,0,0,0,0,0,0,0,0,0,0,0,0,0,0,0,0,0,0,1,0,0,0,1,0,0,0,0,0,0,1,0,0,1,0,0,1,0,0,0,0,0,0,0,1,1,0,0,0,0,1,0]
ebf42321-7264-47e0-8bd6-7bc84e26dfad;9fb1a209-21c8-4294-be06-fd5f4a296561;Sri Venkateswara buyers;https://share.google/1DXmWoHqTYq3pmEkI;"[""Great place to find quality second-hand vehicles at reasonable prices"",""Sri Venkateswara Second Buyers offers trustworthy deals and transparent pricing"",""The staff here are very helpful and guide you throughout the buying process"",""I found my vehicle in excellent condition at a very affordable price"",""Highly satisfied with the customer service and smooth transaction experience"",""They have a good variety of vehicles to choose from based on budget and needs"",""The team explains everything clearly, making the buying process stress-free"",""One of the best places to buy reliable second-hand vehicles"",""The quality of vehicles here is impressive and well-maintained"",""Very professional approach and honest dealings with customers"",""I had a great experience purchasing my bike from here"",""They ensure proper documentation and make the process hassle-free"",""Affordable pricing with good quality vehicles makes this place stand out"",""Customer support is excellent and they respond quickly to queries"",""I would definitely recommend this place to anyone looking for second-hand vehicles"",""The staff is friendly and helps you choose the best option available"",""Smooth and quick service without unnecessary delays"",""Vehicles are inspected well before selling, which builds trust"",""A reliable place for budget-friendly and quality vehicle purchases"",""Overall, a very satisfying experience with genuine service and good value for money""]";0;6;2026-04-14 02:33:57.683853+00;2026-04-14 03:39:18.502436+00;[0,0,1,0,0,0,0,0,1,0,0,1,1,0,1,1,0,0,0,0]
6deceba9-11df-4013-9b18-98a519d981ee;9fb1a209-21c8-4294-be06-fd5f4a296561;Hotel legend grand;https://share.google/mkSzsYotmLTI5p21t;"[""Spacious and premium rooms with elegant interiors that give a luxurious feel throughout the stay"",""The staff are extremely courteous and always ready to assist with a warm smile"",""Rooms are very clean and well maintained with modern amenities provided"",""Comfortable beds and soft linens made the stay very relaxing"",""Excellent location with easy access to key areas of the city"",""The ambience of the hotel is calm and perfect for both business and family stays"",""Room service is prompt and the food quality is impressive"",""The bathrooms are spotless and equipped with all essential toiletries"",""Check in and check out process was smooth and hassle free"",""Great value for money considering the comfort and facilities offered"",""The hotel provides a peaceful environment ideal for a comfortable night’s sleep"",""Staff professionalism and hospitality truly stand out"",""Premium rooms are spacious and beautifully designed"",""Housekeeping services are efficient and consistent"",""The overall atmosphere of the hotel feels welcoming and refined"",""Perfect place for hosting guests or staying during special occasions"",""The interiors reflect class and attention to detail"",""Security and safety measures are well maintained"",""Dining experience at the hotel is delightful with tasty options"",""A wonderful stay experience that makes you want to visit again""]";0;14;2026-02-26 14:15:08.483089+00;2026-02-27 14:18:15.428931+00;[1,1,1,1,1,1,0,0,1,0,1,1,1,1,1,1,1,1,1,1]
6274fee9-f530-4ddf-8620-e9f12088a1aa;9fb1a209-21c8-4294-be06-fd5f4a296561;Nikhil allocations;https://share.google/myT6YUIcPeRDDcI1y;"[""The team at Nikhil Relocations handled my shifting process very smoothly and professionally"",""Their packing quality was excellent and all my items reached safely without any damage"",""I was impressed with their punctuality and commitment to delivering on time"",""The staff were polite, cooperative, and very experienced in handling goods carefully"",""They made my relocation from Vizag to Anakapalli completely stress-free"",""Affordable pricing with top-quality service made it a great experience"",""They used high-quality packing materials which ensured the safety of my belongings"",""The entire process was well-organized and executed without any confusion"",""Customer support was very responsive and helped me at every step"",""They handled fragile items like glassware and electronics with extra care"",""The delivery was done exactly as promised without any delay"",""Very trustworthy service and I felt confident throughout the moving process"",""The workers were hardworking and managed heavy items very efficiently"",""I highly recommend them for anyone looking for reliable packers and movers in Visakhapatnam"",""They provided a seamless relocation experience from start to finish"",""Booking the service was simple and hassle-free"",""The team ensured everything was packed neatly and systematically"",""Their professionalism and dedication really stood out during my move"",""Great service for both local and long-distance shifting needs""]";0;12;2026-04-18 04:34:15.551074+00;2026-04-18 15:35:19.830191+00;[1,1,1,1,0,0,1,0,0,0,1,1,1,0,1,1,1,0,1]
604c3974-58a3-4334-b8c6-e537e3dc8aac;9fb1a209-21c8-4294-be06-fd5f4a296561;Dr.umashankar;https://share.google/2H8zAudjva0J8UvOA;"[""Highly experienced surgical oncologist who explains every procedure clearly and gives great confidence to patients"",""Very approachable doctor who patiently listens to all concerns and answers every question without hurry"",""Excellent expertise in robotic and laparoscopic cancer surgeries with outstanding results"",""The care and attention given before and after surgery was truly reassuring"",""Professional, compassionate, and dedicated towards every patient’s recovery journey"",""Provides accurate diagnosis and suggests the most suitable treatment plan"",""The hospital team and support staff coordinate very well under his guidance"",""Surgery was smooth and recovery was faster than expected due to minimally invasive techniques"",""Gives moral strength and positivity which helps patients stay strong during treatment"",""One of the best cancer surgeons in Visakhapatnam with remarkable surgical skills"",""Explains the risks and benefits transparently which builds complete trust"",""Very humble personality despite having vast experience in surgical oncology"",""Follow up care is systematic and he ensures patients are monitored properly"",""Advanced robotic surgery facilities make the treatment process less painful"",""Family members are kept well informed about every stage of treatment"",""Maintains high standards of hygiene and patient safety"",""His calm nature reduces anxiety before major procedures"",""Treatment costs are reasonable considering the advanced technology used"",""Many patients have experienced successful outcomes and improved quality of life"",""Strongly recommended for anyone looking for expert cancer surgery in Visakhapatnam""]";0;19;2026-03-04 01:13:05.813298+00;2026-03-05 05:30:20.633057+00;[1,0,0,0,0,0,0,0,0,0,0,0,0,0,0,0,0,0,0,0]
adb472d8-d592-4a11-bd2a-872255c610fd;9fb1a209-21c8-4294-be06-fd5f4a296561;Alliance college;https://www.google.com/search?client=ms-android-oppo-terr1-rso2&hs=tmnU&sca_esv=9372be5cbdbb118e&hl=en-GB&cs=1&sxsrf=ANbL-n66-YB8L-Ald5StuE_1-sDO7NGlhg%3A1772765494300&kgmid=%2Fg%2F11bzsf_w2s&q=ALLIANCE%20COLLEGE%20OF%20HOTEL%20MANAGEMENT&shndl=30&source=sh%2Fx%2Floc%2Fact%2Fm1%2F4&kgs=6f6839cf220999ad;"[""Great institute to learn hotel management with experienced faculty and practical training"",""The college provides very good hospitality training and helps students build strong skills"",""Friendly teachers and supportive staff make learning easy and enjoyable"",""Good infrastructure and practical labs for hotel management students"",""The college provides excellent guidance for career opportunities in hospitality"",""Very good environment for students who want to build a career in hotel industry"",""The faculty members explain concepts clearly and focus on practical knowledge"",""Students get good exposure to hotel operations and service training"",""The college encourages discipline professionalism and teamwork"",""Supportive management and teachers help students improve their confidence"",""A good place to learn food production housekeeping and front office skills"",""The training programs help students understand real hotel industry standards"",""Very good college for hospitality education in Visakhapatnam"",""Students receive proper guidance for internships and placements"",""The practical classes help students gain hands on experience"",""Good learning atmosphere with supportive classmates and teachers"",""The college helps students develop communication and customer service skills"",""Nice campus environment and good facilities for learning"",""The training provided prepares students well for hotel industry jobs"",""A great institute for students interested in hospitality and hotel management careers""]";0;21;2026-03-06 03:43:46.760082+00;2026-03-13 06:28:50.488427+00;[0,0,0,0,0,0,0,0,0,1,0,0,0,1,0,1,1,0,0,1]
9f0059f1-8e51-4734-bfff-e99aaedd9b4b;9fb1a209-21c8-4294-be06-fd5f4a296561;Sridurga Packers & Movers in Vizianagaram;https://share.google/MP3QfhBMRvvftPa7Z;"[""Reliable and safe shifting service with careful handling of all household items"",""Staff were polite and completed the packing and moving work on time without any damage"",""Very professional team and the packing quality was really good during my house shifting"",""Affordable prices compared to other packers and movers in Vizianagaram"",""The workers handled furniture and fragile items very carefully"",""Smooth relocation experience from start to finish with proper coordination"",""Packing materials used were strong and protected all items during transportation"",""Good customer support and quick response to all queries"",""Delivery was completed within the promised time without any delay"",""The team worked very efficiently and finished the shifting quickly"",""Very trustworthy service and I felt safe giving them all my household items"",""Excellent service for local shifting within Vizianagaram"",""The staff were friendly and cooperative throughout the moving process"",""All items were packed neatly and unloaded safely at the destination"",""Reasonable pricing with professional packing and moving service"",""The entire shifting process was stress free because of their experienced team"",""Good coordination between the packing team and transport team"",""Highly satisfied with their careful packing and timely delivery"",""They handled electronic appliances and fragile items with extra care"",""Overall a great experience with Sridurga Packers & Movers and I would recommend their service""]";0;8;2026-03-09 03:47:24.615263+00;2026-03-09 17:17:01.425412+00;[1,1,0,1,1,0,1,0,0,0,1,0,1,0,0,1,1,1,0,0]
423af3c4-082b-4775-b76b-22b3e24cd3f0;9fb1a209-21c8-4294-be06-fd5f4a296561;Blue Star ( Authorised Sales & Service Dealer ) Bhimavaram;https://share.google/lZDohBFTf2ySWxdQW;"[""Very good place to buy Blue Star air conditioners with genuine products and proper billing"",""The staff explained the features of different AC models clearly and helped in choosing the right one"",""Quick installation service and the technicians were very professional"",""Customer service was friendly and they responded quickly to my queries"",""Genuine Blue Star dealer with reliable sales and service support"",""The AC installation was done neatly and the technicians cleaned the area after work"",""Good experience purchasing an air conditioner from this showroom in Bhimavaram"",""Prices were reasonable and the product quality was excellent"",""Service team arrived on time and completed the work efficiently"",""Very satisfied with the after sales service provided by the team"",""Staff were knowledgeable and gave helpful suggestions based on our room size"",""Original Blue Star products with proper warranty and documentation"",""Installation process was smooth and handled with great care"",""They provide quick servicing and maintenance whenever required"",""Professional approach from the sales team to the service technicians"",""Delivery and installation were done exactly as promised"",""Good place in Bhimavaram for purchasing and servicing Blue Star AC units"",""The technicians were skilled and fixed the issue quickly during servicing"",""Transparent pricing and honest service from the team"",""Overall a very satisfying experience with Blue Star authorised sales and service dealer in Bhimavaram""]";0;8;2026-03-09 03:49:14.554025+00;2026-03-09 17:19:13.189298+00;[0,0,1,0,1,1,0,1,0,1,1,1,1,0,1,0,0,0,0,0]
98d84804-1c0a-4c5e-8071-40a01ab862d0;9fb1a209-21c8-4294-be06-fd5f4a296561;Nikhil Relocations;https://share.google/KxQ8F0OTJmWOsEC32;"[""Excellent packing service and very professional team handled my shifting smoothly"",""Very reliable packers and movers in Vizag and the staff handled all items with great care"",""My household items were packed safely and delivered on time without any damage"",""The team arrived on time and completed the relocation process very quickly"",""Affordable pricing and very friendly staff made my shifting stress free"",""Highly satisfied with their packing quality and transportation service"",""One of the best relocation services in Visakhapatnam with great customer support"",""They handled fragile items very carefully and everything reached safely"",""The workers were polite hardworking and very experienced"",""Great service for shifting from Duvvada to Anakapalli without any issues"",""They packed furniture electronics and kitchen items perfectly"",""Professional approach and excellent coordination during the entire shifting process"",""Very fast loading and unloading service and the staff was very cooperative"",""Best packers and movers experience I have had in Vizag"",""The team ensured all items were packed securely before transportation"",""Highly recommended relocation service for household shifting"",""Very organized team and they handled the move efficiently"",""Reasonable charges compared to other packers and movers in the city"",""Good communication and timely updates during the relocation"",""Smooth shifting experience without any stress or confusion"",""The staff handled heavy furniture very carefully during loading and unloading"",""Very punctual team and completed the move on the same day"",""Great service for local shifting within Visakhapatnam"",""They used good quality packing materials for protecting the items"",""Very satisfied with their safe transportation service"",""Professional workers who know how to pack delicate items properly"",""The entire shifting process was quick easy and well managed"",""Excellent customer support and helpful staff"",""Safe delivery of all household goods without any damage"",""Very trustworthy packers and movers service in Vizag"",""They packed everything neatly and transported it safely"",""Good experience shifting my home from Anakapalli to Vizag"",""Highly professional team with great attention to detail"",""Fast service and very efficient workers"",""They handled my appliances and furniture very carefully"",""Great coordination between the packing and transportation team"",""Smooth and hassle free relocation experience"",""Very supportive team who helped arrange items after delivery"",""One of the most reliable moving services in Visakhapatnam"",""Very good service for office and home relocation"",""The workers were disciplined and completed the job perfectly"",""Packing quality was excellent and all items were protected well"",""They managed the shifting process very professionally"",""Timely pickup and safe delivery impressed me a lot"",""Affordable and dependable relocation service in Vizag"",""Highly recommended for anyone planning to shift house"",""They made the entire moving experience simple and convenient"",""Great teamwork and very hardworking staff"",""Very careful handling of fragile and valuable items""]";0;20;2026-03-06 03:41:56.194504+00;2026-03-10 10:50:44.945723+00;[0,0,1,1,0,1,1,1,0,1,0,0,1,0,0,0,1,1,1,0,1,1,1,0,0,0,1,0,0,0,0,0,1,0,0,0,0,0,0,0,1,1,1,0,0,1,1,1,1]
62f5db1d-2a8b-49fd-84c4-42911822ddef;9fb1a209-21c8-4294-be06-fd5f4a296561;Sri latha home care services;https://share.google/Z0exC0BwptGC5kAoX;"[""Sri Latha Home Care Services provided excellent support and made our daily life much easier with their reliable service"",""Their caregivers are very professional, compassionate, and truly care about the well-being of patients"",""I am very satisfied with the timely service and the polite behavior of the staff"",""They handled my elderly parent with great patience and respect, which gave us peace of mind"",""The service quality is consistent and dependable, making them a trustworthy choice"",""Their team is well-trained and understands the needs of patients perfectly"",""I appreciate their quick response and willingness to help at any time"",""The staff is very friendly and creates a comfortable environment for patients"",""Their dedication towards service is clearly visible in the way they handle responsibilities"",""Sri Latha Home Care Services exceeded my expectations with their commitment and care"",""They provide personalized attention which makes a big difference in patient recovery"",""The caregivers are punctual and maintain good hygiene standards"",""I feel relieved knowing my loved one is in safe and caring hands"",""Their service is affordable and worth every penny for the quality they provide"",""They listen carefully to our requirements and provide suitable support accordingly"",""The team is very cooperative and always ready to adjust based on our needs"",""I highly recommend their services to anyone looking for reliable home care"",""Their professionalism and kindness make them stand out from others"",""They ensure comfort, safety, and proper care for every patient"",""Overall, it has been a wonderful experience with Sri Latha Home Care Services""]";0;25;2026-04-15 02:07:11.735516+00;2026-04-20 06:49:02.863752+00;[0,1,1,1,0,0,1,0,0,1,0,0,0,1,1,0,0,0,1,1]
d4b44d77-ba5b-4ff8-848a-33020aac9eef;9fb1a209-21c8-4294-be06-fd5f4a296561;Mytri wellness (Hyderabad);https://share.google/aKKq9SHfW9Q13AKEL;"[""Very professional and supportive counseling services that truly help improve mental well being"",""The therapist listens patiently and provides practical guidance for emotional healing"",""A very calm and positive environment that makes you feel comfortable during sessions"",""The hypnotherapy sessions were very effective and helped reduce stress and anxiety"",""Highly recommended place in Vizag for psychological counselling and mental wellness"",""The counselor is very understanding and gives helpful solutions for personal challenges"",""Meditation sessions are very relaxing and help bring peace of mind"",""Great place for anyone looking to improve mental health and emotional balance"",""The staff is friendly and the sessions are handled with great care and professionalism"",""Excellent support for dealing with stress depression and life challenges"",""The therapist explains things clearly and helps you understand your thoughts better"",""Very positive experience with hypnotherapy and counseling sessions"",""The environment is peaceful which makes it perfect for meditation and healing"",""They provide genuine guidance that helps build confidence and mental strength"",""A wonderful place for personal growth and emotional well being"",""The counseling sessions are very helpful and motivating"",""Professional approach and very compassionate support for every client"",""Helped me gain clarity and improve my overall mental health"",""The meditation techniques taught here are simple and very effective"",""Overall an excellent wellness center in Vizag for counseling meditation and hypnotherapy""]";0;12;2026-03-10 04:08:54.003321+00;2026-03-10 10:05:13.512598+00;[1,1,1,1,0,1,1,1,0,0,1,1,0,1,1,0,1,0,1,0]
7c8db26e-3e63-49e6-8a6d-f1092ecac2dd;3f98a0c8-600b-4fee-9ce8-05d5793f5142;MFC;https://www.google.com/search?client=firefox-b-d&hs=4z99&sca_esv=19a0e28a680f4307&sxsrf=ANbL-n6K-yx4T9myIGV9q8xjAXunwCZ_SA:1773122171036&si=AL3DRZEsmMGCryMMFSHJ3StBhOdZ2-6yYkXd_doETEE1OR-qOcfXMJhVcPbEf4mF79M--wbLmxDX7nLqoSyNYtsJVSxT1VJ78_lTQq6byNiuh4RHrtgm96XWZfEECJiSIvOLY0dn4Wd1qLY-zHr9QgVATEEDitpwIg%3D%3D&q=MFC+MANIKANTA+FOOD+COURT+Reviews&sa=X&ved=2ahUKEwito5fp0pSTAxW7RmwGHSQqLE4Q0bkNegQILBAF&biw=1920&bih=947&dpr=1#lrd=0x3a395748133598f5:0x55a71b2915059c48,3,,,,;"[""good "",""goood"",""bloddy good""]";0;0;2026-03-10 05:57:06.645471+00;2026-03-10 05:57:06.645471+00;[0,0,0]
106d6816-13d2-430d-8d0f-0c2b32dbd1f1;9fb1a209-21c8-4294-be06-fd5f4a296561;Sri Vinayaka driving school;https://share.google/Mz5ZhrdBGOklT8xHo;"[""Great instructors who explain driving concepts clearly and patiently"",""Very good place to learn driving with supportive trainers who guide at every step"",""The trainers are calm and professional which makes learning driving very comfortable"",""Best driving school in Maddilapalem with well maintained training vehicles"",""They focus on both practical driving skills and road safety awareness"",""The instructors give personal attention to every learner which helps build confidence"",""Classes are well organized and the training schedule is very convenient"",""Perfect place for beginners who want to learn driving from basics"",""The staff is friendly and always ready to help with any doubts"",""Driving lessons are very clear and easy to understand for new learners"",""Good experience learning here with professional guidance throughout the training"",""They teach important road rules and safe driving techniques"",""Vehicles used for training are clean and in good condition"",""The trainers are very patient and make sure students learn properly"",""Excellent training environment for anyone who wants to become a confident driver"",""Very reliable driving school with experienced instructors"",""They give proper practice on roads which improves driving skills quickly"",""Highly recommended place in Vizag for learning driving"",""The training process is simple and very effective for beginners"",""Overall a great driving school with professional teaching and friendly support""]";0;14;2026-03-10 03:34:55.435866+00;2026-03-10 10:05:02.798414+00;[1,1,1,1,1,1,1,0,1,1,0,1,1,0,1,1,1,1,1,0]
f1d5b58e-2a4c-4c1b-9a0a-b889e2aefbfd;9fb1a209-21c8-4294-be06-fd5f4a296561;Kothavalasa, Bharath defence academy;https://share.google/f40qyGVX3KCmjnHww;"[""Excellent coaching for NDA and defence entrance exams with experienced faculty support"",""Well structured timetable that balances academics and physical training effectively"",""The campus environment is disciplined and motivates students to stay focused on their goals"",""Faculty members are approachable and clear all doubts patiently"",""Regular mock tests help students gain confidence before competitive exams"",""Good hostel facilities with proper supervision and safety measures"",""Strong emphasis on physical fitness training along with classroom learning"",""Personal attention is given to each student for overall development"",""Study materials provided are comprehensive and easy to understand"",""Motivational sessions by defence professionals inspire students greatly"",""The college maintains strict discipline which helps build leadership qualities"",""Supportive management that encourages students to aim for defence services"",""Good success rate in NDA and other defence examinations"",""Healthy and hygienic food provided in the hostel"",""Focus on personality development and communication skills"",""Sports and outdoor activities are conducted regularly"",""Safe and secure environment for both boys and girls"",""Regular parent updates about student performance"",""Affordable fee structure compared to similar defence academies"",""Overall a great place for students who aspire to join the armed forces""]";0;10;2026-03-03 04:14:25.559763+00;2026-03-12 04:52:18.528014+00;[1,1,0,1,1,1,0,1,1,0,0,1,1,0,0,0,1,0,0,0]
a9cdb14d-ad0a-4335-b14e-2c2482c3abd6;9fb1a209-21c8-4294-be06-fd5f4a296561;Sai Krishna packers and movers;https://share.google/juYOQlp5B88v01e83;"[""Excellent service from Sai Krishna Packers & Movers. The staff handled every item carefully and delivered everything safely to the destination."",""Very professional team and the packing quality was very impressive. All my furniture and appliances arrived without any damage."",""The shifting process was smooth and well organized. The workers were polite and completed the work on time."",""I am very happy with their service. The team packed everything neatly and transported it safely."",""Reliable and trustworthy packers and movers in the area. They made my house shifting completely stress free."",""Great experience with Sai Krishna Packers & Movers. The staff was friendly and very supportive throughout the process."",""Affordable pricing and excellent service. They handled my belongings with great care."",""Very punctual and hardworking team. The entire shifting process was completed faster than expected."",""The packing materials used were strong and secure. Everything reached safely without any issues."",""Highly recommended for anyone looking for safe and reliable shifting services. They did a fantastic job."",""Good communication and quick response from the team. The workers were skilled and efficient."",""They managed the loading and unloading very professionally. I am satisfied with their work."",""Wonderful service and very cooperative staff. They made the relocation very easy for my family."",""The team arrived on time and handled all the items carefully. A very smooth shifting experience."",""Best packers and movers service I have used so far. Very responsible and dedicated workers."",""The staff worked very carefully while packing fragile items. Nothing was damaged during transport."",""Very organized and disciplined team. The whole process was completed without any confusion."",""Reasonable charges and high quality service. I will definitely recommend them to others."",""They provided excellent support from start to finish. The moving experience was completely hassle free."",""Overall a very satisfying experience with Sai Krishna Packers & Movers. Professional service and great teamwork.""]";0;13;2026-03-11 10:20:53.387353+00;2026-03-15 01:51:51.281362+00;[1,0,1,0,1,1,1,0,1,1,1,1,0,1,1,1,1,0,1,0]
a4c78256-90c8-4831-b3fb-ec98fb30eca6;9fb1a209-21c8-4294-be06-fd5f4a296561;sri venkateswara buyers;https://www.google.com/search?client=ms-android-oppo-terr1-rso2&hs=n2M&sca_esv=81ef8ac98c35c5fb&hl=en-GB&cs=1&sxsrf=ANbL-n5lAZF5e7Iq_5QYzshuiBp4bEIF6w:1776130352414&kgmid=/g/11t2sc9bvr&q=Sri+Venkateswara+Second+Buyer%27s&shem=rimspwouoc&shndl=30&source=sh/x/loc/act/m1/4&kgs=21f0e736667dfb27&utm_source=rimspwouoc,sh/x/loc/act/m1/4;"[""Excellent service and very trustworthy experience while dealing with Sri Venkateswara Second Buyers."",""They offered a fair price and made the entire process smooth and hassle-free."",""Very professional team with quick response and transparent communication."",""I was impressed with how efficiently they handled everything from start to finish."",""Highly reliable and genuine buyers who value customer satisfaction."",""The staff was polite, supportive, and explained everything clearly."",""Great place if you are looking to sell items without any complications."",""They provided instant payment and made the transaction very convenient."",""Honest pricing and no unnecessary negotiations, which I really appreciated."",""The overall experience was smooth, quick, and stress-free."",""Very responsive and easy to communicate with throughout the process."",""They maintain professionalism and treat customers with respect."",""Best option for second-hand buyers with a transparent approach."",""Quick service and very efficient handling of all the formalities."",""I had a great experience and would definitely recommend them to others."",""Trustworthy and dependable service that stands out from others."",""They made the selling process extremely simple and comfortable."",""Friendly staff and excellent customer handling skills."",""Everything was done on time without any delays or confusion."",""Overall, a very satisfying and smooth experience with Sri Venkateswara Second Buyers.""]";0;23;2026-04-14 03:42:36.739344+00;2026-04-21 05:26:08.909094+00;[1,0,1,0,0,1,1,0,0,0,1,1,0,1,0,0,0,1,0,1]
be355411-de79-486c-a362-e926284c7b9d;9fb1a209-21c8-4294-be06-fd5f4a296561;Sri latha home care services;https://share.google/rmq5q4GWeaUY7Mv1L;"[""Excellent service from Sri Latha Home Care Services The staff are very caring and professional They treat patients with patience and respect"",""Very reliable home care service The caregivers are well trained and always arrive on time"",""The staff are friendly and supportive They take great care of elderly people at home"",""Highly satisfied with their service The caregivers are attentive and responsible"",""Good experience with Sri Latha Home Care Services They provide proper care and support for patients"",""The caregivers are very kind and hardworking They make patients feel comfortable and safe"",""Professional and trustworthy service The staff handle patients with great care"",""Very helpful service for families who need support for elderly care at home"",""The nurses and caregivers are polite and patient They understand the needs of the patient very well"",""Great home care service The staff are dedicated and always ready to help"",""The service quality is very good The caregivers are trained and experienced"",""They provide compassionate care and support for patients at home"",""Very satisfied with their timely service and responsible staff"",""The caregivers treat patients like their own family members"",""Affordable and dependable home care service Highly recommended"",""The staff maintain good hygiene and take proper care of patients"",""Very professional approach and excellent patient care"",""They provide good support for elderly and bedridden patients"",""The caregivers are respectful and always attentive to patient needs"",""Overall a wonderful home care service with caring and supportive staff""]";0;15;2026-03-13 03:38:35.74437+00;2026-03-13 12:06:45.47944+00;[1,1,0,1,0,1,1,1,1,1,1,1,1,0,1,0,1,1,1,1]
66b22392-3b35-4b88-8352-9575c8482db7;9fb1a209-21c8-4294-be06-fd5f4a296561;Sagar school of nursing;https://share.google/rWA4RBBFGFFTsxvSq;"[""Excellent nursing college with supportive faculty and a very positive learning environment"",""The teachers are knowledgeable and always ready to help students understand both theory and practical concepts"",""A great place to build a strong foundation for a nursing career with good clinical exposure"",""The campus is clean and well maintained which creates a comfortable environment for students"",""The management is supportive and encourages students to perform well in academics and practical training"",""Clinical training provided by the college is very helpful for gaining real hospital experience"",""Teachers explain topics clearly and make learning easy for students"",""The college focuses on discipline and professionalism which is very important in the nursing field"",""Students receive good guidance and motivation from the faculty members"",""The practical labs are well equipped and help students learn nursing procedures effectively"",""A very good institution for students who want to pursue a career in healthcare"",""Faculty members are friendly and always ready to solve students’ doubts"",""The college provides good opportunities for clinical practice and skill development"",""The environment in the college is safe and encouraging for learning"",""Students are trained with care and attention to detail in their nursing skills"",""The teaching methods are easy to understand and helpful for exam preparation"",""A reputed nursing school with dedicated staff and good academic support"",""Students gain confidence through regular practical sessions and clinical exposure"",""The college maintains good standards in education and student training"",""Overall a very good place for nursing education with supportive staff and quality training""]";0;14;2026-03-16 05:48:48.302969+00;2026-04-19 08:39:02.2081+00;[0,0,0,0,0,0,0,0,0,0,0,0,0,1,0,1,0,0,0,0]
dc43b516-e94d-4866-843c-a6c4860abcfc;9fb1a209-21c8-4294-be06-fd5f4a296561;B&W Villa 3bkh;https://share.google/WrWH7PvLWoidc3gZp;"[""Spacious and well designed 3BHK layout with good ventilation"",""Peaceful environment which is perfect for families and relaxation"",""Modern interiors give a premium and elegant feel to the villa"",""Good connectivity to nearby areas and essential facilities"",""The construction quality looks solid and long lasting"",""Well maintained surroundings with clean and green spaces"",""Ample parking space available which is very convenient"",""Rooms are large and comfortable with good natural lighting"",""Safe and secure locality with a calm neighborhood"",""Water and electricity facilities are reliable and consistent"",""The villa design is stylish and gives a luxurious vibe"",""Nearby schools and markets make daily life easier"",""Perfect combination of comfort and modern living"",""Good resale and investment value for the future"",""Balcony views are pleasant and refreshing"",""Spacious kitchen with a practical layout"",""Peaceful nights with minimal noise disturbance"",""Friendly community and welcoming atmosphere"",""Good drainage and infrastructure in the area"",""Overall a great choice for a comfortable family lifestyle""]";0;10;2026-03-26 03:52:52.772175+00;2026-03-26 08:01:09.048819+00;[1,0,1,1,0,0,0,0,1,1,1,1,1,1,1,0,1,1,1,0]